Lithuanian,Germany,French,Czech,Arabic,Class
Pakeisti kompiuterį 18 val. į tą patį kitos dienos laiką.,ändere meine Weckzeit auf 7 Uhr morgens,modifier mon réveil pour 6 heures du matin,Přenastavit budík z 6:00 na 18:00.,,alarm__modify_alarm
Pakeisti skambutį 10 val. į tą patį kitos dienos laiką.,stelle meinen Wecker auf 5 Uhr morgens um,ajuster mon alarme à 6h du matin,Změnit čas budíku z 6:00 na 18:00.,,alarm__modify_alarm
Pakeisti pasimatymą 20 val. į tą patį kitos dienos laiką.,ändere meinen Alarm auf 6:30 Uhr morgens,changer l'heure de mon réveil à 6 heures,Přepnout budík z 6:00 na 18:00.,,alarm__modify_alarm
Pakeisti pietus 12 val. į tą patį kitos dienos laiką.,setze meinen Wecker auf 8 Uhr morgens um,mettre mon réveil à 6h du matin,Nastavit nový čas budíku na 18:00.,,alarm__modify_alarm
Pakeisti treniruotę 16 val. į tą patį kitos dienos laiką.,ändere meine Weckuhr auf 6 Uhr früh,ajouter une alarme pour 6 heures du matin,Přenastavit časovou hodinu budíku z 6:00 na 18:00.,,alarm__modify_alarm
Pakeisti susitikimą 15 val. į tą patį kitos dienos laiką.,stelle meinen Wecker auf 5:45 Uhr morgens um,ajuster mon réveil pour 6h du matin,Změnit budík z 6:00 na 18:00.,,alarm__modify_alarm
Pakeisti pamoką 13 val. į tą patį kitos dienos laiką.,ändere meine Weckzeit auf 6:15 Uhr morgens,programmer mon alarme à 6 heures,Přenastavit budící hodiny z 6:00 na 18:00.,,alarm__modify_alarm
Pakeisti pirkinius 11 val. į tą patį kitos dienos laiką.,setze meinen Alarm auf 7:30 Uhr morgens um,changer l'heure de mon alarme pour 6h du matin,Nastavit budík na nový čas 18:00.,,alarm__modify_alarm
Pakeisti darbą 9 val. į tą patį kitos dienos laiką.,ändere meine Weckuhr auf 6 Uhr a.m.,définir mon réveil à 6 heures du matin,Změnit hodiny buzení z 6:00 na 18:00.,,alarm__modify_alarm
Pakeisti valandą 17 val. į tą patį kitos dienos laiką.,stelle meinen Wecker auf 6:45 Uhr morgens um,mettre en place une alarme à 6h du matin,Přepnout čas budíku na 18:00.,,alarm__modify_alarm
"noriu, kad šiandien nustatytas telefono skambutis būtų pakeistas į kitą dieną",Ändern Sie den Wecker von 16:30 Uhr auf 17:30 Uhr,Modifiez cette alarme pour sonner à 4 heures du matin.,Posuňte budík z 5 na 5:30.,,alarm__modify_alarm
"noriu, kad dabar nustatyta parduotuvės uždarymo valanda būtų pakeista į kitą dieną",Ändern Sie die Alarmzeit von 15:45 Uhr auf 16:45 Uhr,Ajustez cette alarme pour qu'elle sonne à 4h du matin.,Nastavte budík z 5 na 5:30.,,alarm__modify_alarm
"noriu, kad ši minutė nustatytas kompiuterio miego režimas būtų pakeistas į kitą dieną",Ändern Sie den Alarm von 17:15 Uhr auf 18:15 Uhr,Changez l'heure de cette alarme à 4 heures du matin.,Přesuňte čas budíku z 5 na 5:30.,,alarm__modify_alarm
"noriu, kad šiuo metu nustatyta susitikimo vieta būtų pakeista į kitą dieną",Ändern Sie die Weckzeit von 16:20 Uhr auf 17:20 Uhr,Programmez cette alarme pour sonner à 4h du matin.,Změňte časový údaj budíku z 5 na 5:30.,,alarm__modify_alarm
"noriu, kad dabartinis virtuvės laikmatis būtų pakeistas į kitą dieną",Ändern Sie den Wecker von 16:50 Uhr auf 17:50 Uhr,Modifiez l'heure de cette alarme pour 4 heures du matin.,Přenastavte budík na 5:30 z původních 5 hodin.,,alarm__modify_alarm
"noriu, kad šiuo momentu nustatytas darbo pradžios laikas būtų pakeistas į kitą dieną",Ändern Sie die Alarmeinstellung von 16:10 Uhr auf 17:10 Uhr,Réglez cette alarme pour qu'elle sonne à 4h du matin.,Přesuňte budící hodiny z 5 na 5:30.,,alarm__modify_alarm
"noriu, kad šiandien nustatyta sporto treniruotės valanda būtų pakeista į kitą dieną",Ändern Sie den Wecker von 17:25 Uhr auf 18:25 Uhr,Adaptez cette alarme pour sonner à 4 heures.,Nastavte nový čas budíku na 5:30 z původních 5 hodin.,,alarm__modify_alarm
"noriu, kad šiuo metu nustatyta automobilio plovimo data būtų pakeista į kitą dieną",Ändern Sie die Alarmzeit von 16:40 Uhr auf 17:40 Uhr,Changer cette alarme pour qu'elle sonne à 4h du matin.,Změňte hodiny buzení z 5 na 5:30.,,alarm__modify_alarm
"noriu, kad šiandien nustatyta teatro spektaklio pradžios laikas būtų pakeistas į kitą dieną",Ändern Sie den Wecker von 17:55 Uhr auf 18:55 Uhr,Définissez cette alarme pour sonner à 4 heures du matin.,Přenastavte budík z 5 na 5:30.,,alarm__modify_alarm
"noriu, kad dabartinės šios dienos kelionės datos būtų pakeistos į kitą dieną",Ändern Sie die Alarmeinstellung von 17:30 Uhr auf 18:30 Uhr,Mettez en place cette alarme pour qu'elle sonne à 4h du matin.,Přesuňte čas buzení na 5:30.,,alarm__modify_alarm
"pakeiskite tą pirmadienio 08:30 telefono skambutį, kad kitą dieną skambėtų tuo pačiu laiku",Ändere meine Weckzeit auf 7 Uhr statt auf 6 Uhr.,"Modifiez l'alarme du jeudi, s'il vous plaît.",Změnit číslo budíku 2 z dopoledne na odpoledne.,,alarm__modify_alarm
"pakeiskite tą antradienio 12:15 kompiuterio signalą, kad kitą dieną skambėtų tuo pačiu laiku",Setze meinen Alarm auf 6:45 Uhr um statt auf 6 Uhr.,"Ajustez l'alarme du jeudi, s'il vous plaît.",Přenastavit číslo budíku 2 z rána na odpoledne.,,alarm__modify_alarm
"pakeiskite tą trečiadienio 19:00 darbo pradžios laiką, kad kitą dieną skambėtų tuo pačiu laiku",Ändere meinen Wecker auf 7:15 Uhr statt auf 6 Uhr.,"Changez l'heure de l'alarme du jeudi, s'il vous plaît.",Změnit nastavení budíku 2 z dopoledne na odpoledne.,,alarm__modify_alarm
"pakeiskite tą penktadienio 14:00 susitikimo pranešimą, kad kitą dieną skambėtų tuo pačiu laiku",Verändere meine Weckzeit auf 6:30 Uhr anstelle von 6 Uhr.,"Programmez une nouvelle alarme pour le jeudi, s'il vous plaît.",Přesunout číslo budíku 2 z dopoledne na odpoledne.,,alarm__modify_alarm
"pakeiskite tą šeštadienio 21:45 televizoriaus išjungimo laiką, kad kitą dieną skambėtų tuo pačiu laiku","Stelle meinen Wecker auf 7:30 Uhr um, nicht auf 6 Uhr.","Adaptez l'alarme du jeudi, s'il vous plaît.",Nastavit budík číslo 2 z rána na odpoledne.,,alarm__modify_alarm
"pakeiskite tą sekmadienio 10:20 automobilio užrakto laiką, kad kitą dieną skambėtų tuo pačiu laiku",Ändere meinen Alarm auf 6:20 Uhr anstatt auf 6 Uhr.,"Réglez la sonnerie du jeudi, s'il vous plaît.",Změnit čas budíku 2 z dopoledne na odpoledne.,,alarm__modify_alarm
"pakeiskite tą antradienio 18:30 pietų valandą, kad kitą dieną skambėtų tuo pačiu laiku","Stell meinen Wecker auf 6:35 Uhr um, nicht auf 6 Uhr.","Modifiez la programmation de l'alarme du jeudi, s'il vous plaît.",Posunout nastavení budíku 2 z rána na odpoledne.,,alarm__modify_alarm
"pakeiskite tą ketvirtadienio 15:00 susitikimo vietą, kad kitą dieną skambėtų tuo pačiu laiku",Ändere meine Weckuhr auf 6:30 Uhr anstelle von 6 Uhr.,"Changer l'horaire de l'alarme du jeudi, s'il vous plaît.",Přesunout budík číslo 2 z dopoledne na odpoledne.,,alarm__modify_alarm
"pakeiskite tą penktadienio 08:45 kavinės atidarymo valandą, kad kitą dieną skambėtų tuo pačiu laiku",Setze meinen Wecker auf 6:25 Uhr statt auf 6 Uhr um.,"Définissez une nouvelle alarme pour le jeudi, s'il vous plaît.",Změnit program budíku 2 z dopoledne na odpoledne.,,alarm__modify_alarm
"pakeiskite tą sekmadienio 09:10 lauko pasivaikščiojimo laiką, kad kitą dieną skambėtų tuo pačiu laiku",Ändere meinen Weckzeitpunkt auf 6:30 Uhr anstatt auf 6 Uhr.,"Mettez en place une autre alarme pour le jeudi, s'il vous plaît.",Přenastavit nastavení budíku 2 z rána na odpoledne.,,alarm__modify_alarm
Prašau perkelti mano šiandienos 07:30 telefono skambutį į kitą dieną,Alarm umplanen,Modifiez l'alarme de 19h00 à 7h00.,Změňte můj budík na zítra na 9 hodin ráno.,,alarm__modify_alarm
Prašau perkelti mano šiandienos 09:15 kompiuterio signalą į kitą dieną,Ändere den Alarm,Ajustez l'heure de l'alarme de 19h00 à 7h00.,Nastavte mé probuzení na zítra na 9 hodin ráno.,,alarm__modify_alarm
Prašau perkelti mano šiandienos 10:00 darbo pradžios laiką į kitą dieną,Neuen Alarm einstellen,Changez la sonnerie de 19h00 à 7h00.,Přenastavte mé budící hodiny na zítra na 9 hodin ráno.,,alarm__modify_alarm
Prašau perkelti mano šiandienos 13:20 susitikimo pranešimą į kitą dieną,Alarm neu konfigurieren,Programmez l'alarme de 19h00 à 7h00.,Změňte nastavení mého budíku na zítra na 9 hodin ráno.,,alarm__modify_alarm
Prašau perkelti mano šiandienos 16:50 televizoriaus išjungimo laiką į kitą dieną,Stelle den Wecker neu ein,Réglez l'heure de l'alarme de 19h00 à 7h00.,Přesuňte mé buzení na zítra na 9 hodin ráno.,,alarm__modify_alarm
Prašau perkelti mano šiandienos 18:10 automobilio užrakto laiką į kitą dieną,Planen Sie den Alarm neu,Adaptez la programmation de l'alarme de 19h00 à 7h00.,Nastavte můj budík na zítra na 9 hodin ráno.,,alarm__modify_alarm
Prašau perkelti mano šiandienos 12:30 pietų valandą į kitą dieną,Ändern Sie die Alarmeinstellungen,Changer l'horaire de l'alarme de 19h00 à 7h00.,Přesunout čas mého budíku na zítra na 9 hodin ráno.,,alarm__modify_alarm
Prašau perkelti mano šiandienos 15:45 susitikimo vietą į kitą dieną,Weckzeit neu festlegen,Définissez la nouvelle heure de l'alarme de 19h00 à 7h00.,Změňte mé buzení na zítra na 9 hodin ráno.,,alarm__modify_alarm
Prašau perkelti mano šiandienos 07:55 kavinės atidarymo valandą į kitą dieną,Alarm neu einrichten,Mettez en place la sonnerie de 19h00 à 7h00.,Nastavte můj budík na zítra na 9 hodin ráno.,,alarm__modify_alarm
Prašau perkelti mano šiandienos 09:30 lauko pasivaikščiojimo laiką į kitą dieną,Wecker neu planen,Ajoutez une alarme de 19h00 à 7h00.,Přenastavit probuzení na zítra na 9 hodin ráno.,,alarm__modify_alarm
pakeisti telefono skambutį 09 val. į kitą dieną,Ändere eine meiner Alarmzeiten.,Reporter mes alarmes d'aujourd'hui à demain.,Změnit budík z 5:00 ráno do 7:00 ráno v úterý.,,alarm__modify_alarm
pakeisti kompiuterio signalą 12:30 į kitą dieną,Modifiziere eine meiner Weckzeiten.,Décaler mes alarmes d'aujourd'hui à demain.,Přenastavit budík z 5:00 ráno na 7:00 ráno v úterý.,,alarm__modify_alarm
pakeisti darbo pradžios laiką 08:45 į kitą dieną,Stelle eine meiner Weckzeiten um.,Changer l'heure de mes alarmes d'aujourd'hui à demain.,Změnit nastavení budíku z 5:00 ráno na 7:00 ráno v úterý.,,alarm__modify_alarm
pakeisti susitikimo pranešimą 14 val. į kitą dieną,Verändere eine meiner Alarmeinstellungen.,Programmer mes alarmes d'aujourd'hui pour demain.,Přesunout budík z 5:00 ráno na 7:00 ráno v úterý.,,alarm__modify_alarm
pakeisti televizoriaus išjungimo laiką 20:15 į kitą dieną,Ändere eine meiner Weckerzeiten.,Déplacer mes alarmes d'aujourd'hui à demain.,Nastavit budík z 5:00 ráno na 7:00 ráno v úterý.,,alarm__modify_alarm
pakeisti automobilio užrakto laiką 17:50 į kitą dieną,Passe eine meiner Weckzeiten an.,Ajouter un jour à mes alarmes d'aujourd'hui.,Změnit čas budíku z 5:00 ráno na 7:00 ráno v úterý.,,alarm__modify_alarm
pakeisti pietų valandą 13:20 į kitą dieną,Ändere eine meiner Alarmzeitpunkte.,Reporter mes alertes d'aujourd'hui à demain.,Posunout nastavení budíku z 5:00 ráno na 7:00 ráno v úterý.,,alarm__modify_alarm
pakeisti susitikimo vietą 16:40 į kitą dieną,Neu konfiguriere eine meiner Weckzeiten.,Changer la date de mes alarmes d'aujourd'hui à demain.,Přesunout budící hodiny z 5:00 ráno na 7:00 ráno v úterý.,,alarm__modify_alarm
pakeisti kavinės atidarymo valandą 10:10 į kitą dieną,Ändere eine meiner Alarme.,Modifier le planning de mes alarmes d'aujourd'hui à demain.,Změnit program budíku z 5:00 ráno na 7:00 ráno v úterý.,,alarm__modify_alarm
pakeisti lauko pasivaikščiojimo laiką 11:25 į kitą dieną,Weckerzeit neu festlegen.,Mettre en attente mes alarmes d'aujourd'hui jusqu'à demain.,Přenastavit nastavení budíku z 5:00 ráno na 7:00 ráno v úterý.,,alarm__modify_alarm
pyptelėkite kas 5 minutes 08:00 valandą,Setzen Sie den Alarm für 20 Minuten auf Schlummer.,Peux-tu répéter la sonnerie?,Prosím odložte na dalších 10 minut.,,alarm__snooze_alarm
pyptelėkite kas 5 minutes 12:45 valandą,Aktivieren Sie die Schlummerfunktion für den Wecker für 20 Minuten.,Est-ce que tu peux répéter l'alarme?,"Přesuňte na dalších 10 minut, prosím.",,alarm__snooze_alarm
pyptelėkite kas 5 minutes 15:30 valandą,Legen Sie den Wecker für 20 Minuten auf Snooze.,Pouvez-vous redire l'heure de l'alarme?,"Odstupte na dalších 10 minut, prosím.",,alarm__snooze_alarm
pyptelėkite kas 5 minutes 18:15 valandą,Schalten Sie den Schlummermodus des Weckers für 20 Minuten ein.,"Répète l'heure de l'alarme, s'il te plaît.","Posuňte o 10 minut, prosím.",,alarm__snooze_alarm
pyptelėkite kas 5 minutes 21:20 valandą,Stellen Sie den Wecker für 20 Minuten auf Schlummertaste.,Peux-tu répéter le moment de la sonnerie?,"Přenastavte na dalších 10 minut, prosím.",,alarm__snooze_alarm
pyptelėkite kas 5 minutes 10:55 valandą,Aktivieren Sie die Snooze-Funktion des Weckers für 20 Minuten.,Est-ce que tu pourrais répéter l'heure prévue pour l'alarme?,"Odsuňte na dalších 10 minut, prosím.",,alarm__snooze_alarm
pyptelėkite kas 5 minutes 14:10 valandą,Legen Sie die Schlummerzeit des Weckers auf 20 Minuten fest.,"Répète le timing de l'alarme, s'il te plaît.","Nastavte na dalších 10 minut, prosím.",,alarm__snooze_alarm
pyptelėkite kas 5 minutes 17:25 valandą,Schalten Sie den Wecker für 20 Minuten in den Schlummermodus.,Pouvez-vous répéter l'heure du réveil?,"Přesuňte o 10 minut dopředu, prosím.",,alarm__snooze_alarm
pyptelėkite kas 5 minutes 19:50 valandą,Setzen Sie den Alarm für 20 Minuten auf Schlummertaste.,Est-ce que tu peux redire l'heure de la sonnerie?,"Zpožděte na dalších 10 minut, prosím.",,alarm__snooze_alarm
pyptelėkite kas 5 minutes 22:05 valandą,Aktivieren Sie die Schlummeroption für den Wecker für 20 Minuten.,Peux-tu répéter l'horaire de l'alarme?,"Nastavte čas na dalších 10 minut, prosím.",,alarm__snooze_alarm
atidėti tą telefono skambutį,"Aktiviere die Schlummerfunktion, bitte.",Autoriser deux rappels pour la prochaine alarme.,Odložit ranní budíky na pět minut.,,alarm__snooze_alarm
atidėti tą darbo susitikimą,"Setze den Wecker auf Snooze, bitte.",Donner la permission de répéter deux fois pour la prochaine sonnerie.,Posunout čas ranních budíků o pět minut.,,alarm__snooze_alarm
atidėti tą kompiuterio signalą,"Schalte den Schlummeralarm ein, bitte.",Permettre deux rappels pour le prochain réveil.,Přesunout ranní budíky na pět minut.,,alarm__snooze_alarm
atidėti tą pietų valandą,"Bitte, aktiviere die Weckzeit noch einmal.",Activer deux répétitions pour la prochaine alarme.,Zpozdit ranní budíky o pět minut.,,alarm__snooze_alarm
atidėti tą automobilio užrakto laiką,"Stelle den Wecker in den Schlummermodus, bitte.",Autoriser deux fois la sonnerie pour le prochain réveil.,Nastavit pětiminutové zpoždění pro ranní budíky.,,alarm__snooze_alarm
atidėti tą kavinės susitikimą,"Aktiviere den Alarm für eine Weile, bitte.",Donner la permission de répéter deux fois pour la prochaine alerte.,Odsunout čas probuzení o pět minut.,,alarm__snooze_alarm
atidėti tą susitikimą su draugais,"Schalte den Snooze-Modus ein, bitte.",Activer deux rappels pour la prochaine sonnerie.,Změnit čas ranních budíků na pět minut.,,alarm__snooze_alarm
atidėti tą televizoriaus išjungimo laiką,"Bitte, aktiviere den Wecker erneut.",Permettre deux répétitions pour le prochain réveil.,Posunout probuzení o pět minut.,,alarm__snooze_alarm
atidėti tą lauko pasivaikščiojimą,"Setze den Alarm in den Schlummermodus, bitte.",Autoriser deux fois la sonnerie pour la prochaine alarme.,Odstoupit ranní budíky o pět minut.,,alarm__snooze_alarm
atidėti tą miego režimą,"Schalte die Schlummerfunktion des Alarms ein, bitte.",Activer deux rappels pour la prochaine alerte.,Přenastavit ranní budíky na pět minut.,,alarm__snooze_alarm
leisk man pasnausti pusvalandį,Deaktiviere den Wecker für eine Stunde.,Répéter toutes les sonneries pendant 5 minutes.,Můžete odložit budík na 5 minut?,,alarm__snooze_alarm
leisk man ilsėtis 45 minutes,Setze den Alarm für eine Stunde aus.,Refaire toutes les alertes pendant 5 minutes.,Lze prosím odložit budík na 5 minut?,,alarm__snooze_alarm
leisk man trumpam pasnausti,Pausiere den Wecker für 60 Minuten.,Relancer toutes les alarmes pendant 5 minutes.,Je možné posunout budík o 5 minut?,,alarm__snooze_alarm
leisk man miegoti 30 minučių,Unterbreche den Alarm für eine Stunde.,Rejouer toutes les sonneries pendant 5 minutes.,Mohu si prosím odložit budík na 5 minut?,,alarm__snooze_alarm
leisk man atsipalaiduoti valandą,Setze den Wecker für eine Stunde auf Pause.,Répéter toutes les alarmes pendant une durée de 5 minutes.,Dáte se budík přesunout na 5 minut?,,alarm__snooze_alarm
leisk man pasnausti 20 minučių,Deaktiviere den Alarm für 60 Minuten.,Refaire toutes les sonneries pour 5 minutes.,Bude možné budík odložit na 5 minut?,,alarm__snooze_alarm
leisk man ilsėtis 50 minutes,Pause den Wecker für eine Stunde.,Relancer toutes les alertes pendant une période de 5 minutes.,Lze posunout budík na 5 minut?,,alarm__snooze_alarm
leisk man miegoti trumpam,Setze die Weckzeit für eine Stunde aus.,Rejouer toutes les alarmes pendant 5 minutes.,Mohu budík přesunout na 5 minut?,,alarm__snooze_alarm
leisk man pasnausti 40 minutes,Deaktiviere den Wecker für eine Stunde lang.,Répéter toutes les sonneries pendant 5 minutes.,Je možné odložit budík na 5 minut?,,alarm__snooze_alarm
leisk man ilsėtis 25 minutes,Pausiere die Alarmfunktion für 60 Minuten.,Refaire toutes les alertes pendant une durée de 5 minutes.,Mohu prosím budík odložit na 5 minut?,,alarm__snooze_alarm
nustatykite miego režimą 15 minučių,Genehmigen Sie zwei Schlummerphasen für den kommenden Alarm.,Répétition de la sonnerie pendant 15 minutes.,Odložit všechny moje budíky na 30 minut.,,alarm__snooze_alarm
nustatykite ilsėjimosi laiką 8 minutes,Ermöglichen Sie zwei Snooze-Intervalle für den nächsten Wecker.,Répéter l'alerte pendant un quart d'heure.,Posunout čas všech mých budíků o 30 minut.,,alarm__snooze_alarm
nustatykite susikaupimo momentą 12 minučių,Stellen Sie zwei Schlummerzeiten für den nächsten Alarm ein.,Refaire sonner l'alarme pendant 15 minutes.,Přesunout všechny moje budíky na 30 minut.,,alarm__snooze_alarm
nustatykite tylos režimą 20 minučių,Erlauben Sie zwei Pausen für den kommenden Wecker.,Relancer la sonnerie pendant un quart d'heure.,Zpozdit všechny moje budíky o 30 minut.,,alarm__snooze_alarm
nustatykite meditacijos laiką 7 minutes,Ermöglichen Sie zwei Mal Schlummern für den nächsten Alarm.,Répéter l'alarme pendant une durée de 15 minutes.,Nastavit třicetiminutové zpoždění pro všechny moje budíky.,,alarm__snooze_alarm
nustatykite pasnūdimo laiką 25 minučių,Aktivieren Sie zwei Snooze-Intervalle für den nächsten Weckzeitpunkt.,Répétition de l'alerte pendant 15 minutes.,Odsunout čas všech probuzení o 30 minut.,,alarm__snooze_alarm
nustatykite koncentracijos momentą 15 minučių,Setzen Sie zwei Pausen für den kommenden Alarm.,Refaire retentir l'alarme pendant une période de 15 minutes.,Změnit čas všech mojích budíků na 30 minut.,,alarm__snooze_alarm
nustatykite relax režimą 18 minutes,Erlauben Sie zwei Schlummerintervalle für den nächsten Wecker.,Relancer l'alerte pendant 15 minutes.,Posunout probuzení o 30 minut.,,alarm__snooze_alarm
nustatykite susikaupimo valandą 11 minučių,Genehmigen Sie zwei Pausen für den anstehenden Alarm.,Répéter la sonnerie pendant un quart d'heure.,Odstoupit všechny moje budíky o 30 minut.,,alarm__snooze_alarm
nustatykite ilsėjimosi laiką 30 minutes,Aktivieren Sie zwei Schlummerphasen für den nächsten Weckzeitpunkt.,Refaire retentir l'alarme pendant 15 minutes.,Přenastavit všechny moje budíky na 30 minut.,,alarm__snooze_alarm
nustatyti telefono signalą į meditacijos laiką,Setzen Sie alle Alarme für 5 Minuten in den Schlummermodus.,Suspendre l'alarme.,Pozastavit budík po 10 minutách.,,alarm__snooze_alarm
nustatyti kompiuterio skambutį į ilsėjimosi režimą,Aktivieren Sie den Schlummermodus für alle Wecker für 5 Minuten.,Mettre en pause la sonnerie.,Zastavit budík po 10 minutách.,,alarm__snooze_alarm
nustatyti darbo pradžios laiką į tylos režimą,Versetzen Sie alle Weckzeiten für 5 Minuten in den Schlummermodus.,Activer la pause de l'alarme.,Přerušit budík po 10 minutách.,,alarm__snooze_alarm
nustatyti automobilio užrakto laiką į pasnūdimo režimą,Stellen Sie alle Wecker für 5 Minuten auf Schlummertaste.,Mettre l'alerte en mode pause.,Ztlumit budík po 10 minutách.,,alarm__snooze_alarm
nustatyti pietų valandą į koncentracijos momentą,Aktivieren Sie den Schlummermodus für alle Alarme für 5 Minuten.,Pause pour l'alarme.,Suspendovat budík po 10 minutách.,,alarm__snooze_alarm
nustatyti televizoriaus išjungimo laiką į relax režimą,Setzen Sie alle Weckuhren für 5 Minuten in den Schlummermodus.,Suspendre la sonnerie.,Deaktivovat budík po 10 minutách.,,alarm__snooze_alarm
nustatyti susitikimo vietą į snaudimo režimą,Versetzen Sie alle Alarme für 5 Minuten auf Schlummertaste.,Activer le mode pause pour l'alarme.,Přerušit zvuk budíku po 10 minutách.,,alarm__snooze_alarm
nustatyti kavinės atidarymo valandą į pasnūdimo laiką,Aktivieren Sie die Schlummerfunktion für alle Wecker für 5 Minuten.,Arrêter temporairement l'alarme.,Zapnout snooze po 10 minutách.,,alarm__snooze_alarm
nustatyti lauko pasivaikščiojimo laiką į ilsėjimosi režimą,Stellen Sie alle Weckzeiten für 5 Minuten auf Snooze.,Mettre en mode pause l'alarme.,Přepnout budík do režimu spánku po 10 minutách.,,alarm__snooze_alarm
nustatyti miego režimą į susikaupimo momentą,Setzen Sie alle Wecker für 5 Minuten in den Schlummerzustand.,Activer la pause pour la sonnerie.,Nastavit pauzu pro budík po 10 minutách.,,alarm__snooze_alarm
kiek ryte kyla saulė?,Wann ist morgen der Sonnenaufgang?,À quelle heure se lèvera le soleil demain ?,Kdy zítra vzejde slunce?,,weather__checkSunrise
kiek šiandien teka saulė rytą?,Um welche Zeit geht morgen die Sonne auf?,Quand est prévu le lever du soleil demain ?,Kdy bude slunce zítra vycházet?,,weather__checkSunrise
kiek valandų šiandien teka saulė ryte?,Wann wird morgen früh die Sonne aufgehen?,Quand se produira le lever du soleil demain ?,V kolik hodin zítra vyjde slunce?,,weather__checkSunrise
kiek laiko šiandien teka saulė ryte?,Zu welcher Zeit ist der Sonnenaufgang morgen?,À quel moment le soleil se lèvera-t-il demain ?,Kdy začne zítra východ slunce?,,weather__checkSunrise
kiek valandų ryte kyla saulė?,Wann beginnt morgen der Tag mit Sonnenaufgang?,Quelle est l'heure du lever du soleil demain ?,Kdy zítra ráno vzejde slunce?,,weather__checkSunrise
kiek ryte pakyla saulė?,Um wie viel Uhr geht morgen die Sonne auf?,À partir de quelle heure se lèvera le soleil demain ?,V kolik hodinách zítra začne svítat?,,weather__checkSunrise
kiek laiko šiandien teka saulė?,Wann wird morgen die Morgendämmerung beginnen?,Quand aurons-nous le lever du soleil demain ?,Kdy se zítra objeví sluneční paprsky?,,weather__checkSunrise
kiek rytą išlenda saulė?,Zu welcher Zeit ist morgen der Sonnenaufgang?,À quelle heure peut-on attendre le lever du soleil demain ?,Kdy zítra začne nový sluneční den?,,weather__checkSunrise
kiek valandų ryte spindi saulė?,Wann kann man morgen den Sonnenaufgang sehen?,Quand va se lever le soleil demain ?,V kolik hodinách můžeme očekávat východ slunce zítra?,,weather__checkSunrise
kiek šiandien teka saulė?,Um wie viel Uhr wird morgen die Sonne aufgehen?,Quelle heure est prévue pour le lever du soleil demain ?,Kdy bude zítra ráno svítat slunce?,,weather__checkSunrise
kada būtinas kitas saulėtekis?,Um welche Zeit wird die Sonne aufgehen?,Quand aura lieu le lever du soleil demain ?,Kdy je dnes východ slunce?,,weather__checkSunrise
kada vyks kitas saulėtekis?,Wann geht morgen früh die Sonne auf?,À quel moment se lèvera le soleil demain ?,V kolik hodinách dnes slunce vychází?,,weather__checkSunrise
kada bus kitas ryto šviesos pasirodymas?,Zu welcher Stunde wird der Sonnenaufgang sein?,Quelle est l'heure du lever du soleil demain ?,Kdy začíná dnes nový den slunečním východem?,,weather__checkSunrise
kada kitas kartas saulėtekis įvyks?,Wann beginnt der Tag mit dem Sonnenaufgang?,À partir de quelle heure le soleil se lèvera-t-il demain ?,Kdy se dnes objeví slunce na obzoru?,,weather__checkSunrise
kada kita diena pradės grybauti?,Um wie viel Uhr wird die Sonne aufgehen?,Quand est prévu le lever du soleil demain ?,Kdy začíná sluneční den v dnešním dni?,,weather__checkSunrise
kada vyks kitas rytas su saulės kilimu?,Wann wird die Morgendämmerung beginnen?,À quelle heure peut-on attendre le lever du soleil demain ?,V kolik hodinách se dnes ráno rozsvítí slunce?,,weather__checkSunrise
kada kita diena pasitiks saulėtekį?,Zu welcher Zeit geht die Sonne auf?,Quand se produira le lever du soleil demain ?,Kdy můžeme očekávat východ slunce dnes?,,weather__checkSunrise
kada bus matomas kitas ryto šviesos prasiveržimas?,Wann kann man den Sonnenaufgang sehen?,À quelle heure aura lieu le lever du soleil demain ?,Kdy vychází slunce v dnešním dni?,,weather__checkSunrise
kada kitas rytas prasidės?,Um wie viel Uhr wird morgen die Sonne aufgehen?,Quand va se lever le soleil demain ?,V kolik hodinách se dnes objeví sluneční paprsky?,,weather__checkSunrise
kada pasimatysime su kitu saulėtekiais?,Wann wird die Sonne am Morgen erscheinen?,Quelle heure est prévue pour le lever du soleil demain ?,Kdy slunce vyjde dnes ráno?,,weather__checkSunrise
kokiu metu saulėtekis trečiadienį?,Wann geht am Mittwoch die Sonne auf?,À quelle heure se lève le soleil ?,"Nastavit budík, aby mě vzbudil zítra při východu slunce.",,weather__checkSunrise
trečiadienio saulėtekio laikas?,Um welche Uhrzeit ist der Sonnenaufgang am Mittwoch?,Quand se produit le lever du soleil ?,Přenastavit probuzení na zítra při východu slunce.,,weather__checkSunrise
kada trečiadienį vyks saulėtekis?,Wann wird am Mittwoch früh die Sonne aufgehen?,À quel moment a lieu le lever du soleil ?,Zapnout budík pro zítřek při východu slunce.,,weather__checkSunrise
trečiadienio rytą kada bus saulėtekis?,Zu welcher Zeit ist der Sonnenaufgang für Mittwoch?,Quelle est l'heure du lever du soleil ?,"Nastavit budíček, aby mě zítra probudil s východem slunce.",,weather__checkSunrise
kokios valandos trečiadienio saulėtekis?,Wann beginnt der Tag mit Sonnenaufgang am Mittwoch?,À partir de quelle heure le soleil se lève-t-il ?,Odsunout budík na zítra ráno při východu slunce.,,weather__checkSunrise
trečiadienį kada prasidės rytas su saule?,Um wie viel Uhr ist der Sonnenaufgang für Mittwoch?,Quand a lieu le lever du soleil ?,Nastavit východ slunce jako čas probuzení zítra.,,weather__checkSunrise
kokiu laiku prasidės diena su saulėtekiais trečiadienį?,Wann wird am Mittwoch die Morgendämmerung beginnen?,À quelle heure peut-on observer le lever du soleil ?,Přesunout buzení na zítra při východu slunce.,,weather__checkSunrise
trečiadienio rytu kada pasirodys pirmieji saulės spinduliai?,Zu welcher Zeit ist am Mittwoch der Sonnenaufgang?,Quand se lève le soleil habituellement ?,Změnit nastavení budíku na probuzení u východu slunce zítra.,,weather__checkSunrise
kada trečiadienį ims ryto šviesa?,Wann kann man am Mittwoch den Sonnenaufgang sehen?,À quel moment de la journée le soleil se lève-t-il ?,Posunout čas probuzení na zítra s východem slunce.,,weather__checkSunrise
kokiu metu bus saulėtekis trečiadienį?,Um wie viel Uhr wird am Mittwoch die Sonne aufgehen?,Quelle heure est prévue pour le lever du soleil ?,"Nastavit budík, aby zazvonil zítra při východu slunce.",,weather__checkSunrise
nustatyti telefono skambutį saulėtekio metu,Um welche Uhrzeit ist der Sonnenaufgang?,À quelle heure se lèvera le soleil la prochaine fois ?,Kolik hodin je východ slunce?,,weather__checkSunrise
nustatyti kompiuterio signalą saulėtekiui,Wann wird die Sonne aufgehen?,Quand est prévu le prochain lever de soleil ?,V kolik hodinách se východ slunce koná?,,weather__checkSunrise
nustatyti darbo pradžios laiką saulėtekiui,Zu welcher Zeit beginnt der Sonnenaufgang?,Quand se produira le prochain lever de soleil ?,Kdy vychází slunce dnes?,,weather__checkSunrise
nustatyti automobilio užrakto laiką saulėtekiui,Wann ist der Morgendämmerung?,À quel moment aura lieu le prochain lever de soleil ?,Kolik hodin má východ slunce?,,weather__checkSunrise
nustatyti pietų valandą saulėtekiui,Um wie viel Uhr ist der Sonnenaufgang?,Quelle est l'heure du prochain lever de soleil ?,V kolik hodin začíná slunce svítit?,,weather__checkSunrise
nustatyti televizoriaus išjungimo laiką saulėtekiui,Wann beginnt der Tag mit dem Sonnenaufgang?,À partir de quelle heure se lèvera le soleil la prochaine fois ?,Kdy můžeme očekávat východ slunce?,,weather__checkSunrise
nustatyti susitikimo vietą saulėtekiui,Zu welcher Stunde geht die Sonne auf?,Quand aurons-nous le prochain lever de soleil ?,V kolik hodinách je sluneční východ?,,weather__checkSunrise
nustatyti kavinės atidarymo valandą saulėtekiui,Wann kann man den Sonnenaufgang sehen?,À quelle heure peut-on attendre le prochain lever de soleil ?,Kolik hodin je čas na východ slunce?,,weather__checkSunrise
nustatyti lauko pasivaikščiojimo laiką saulėtekiui,Um wie viel Uhr wird der Sonnenaufgang sein?,Quand va se lever le soleil la prochaine fois ?,V kolik hodinách začíná sluneční den?,,weather__checkSunrise
nustatyti miego režimą saulėtekiui,Wann geht morgen früh die Sonne auf?,Quelle heure est prévue pour le prochain lever de soleil ?,Kdy se dnes ráno objeví slunce?,,weather__checkSunrise
kada šiandien prasidės diena su saulėtekiais?,Um welche Uhrzeit ist der Sonnenaufgang heute?,Quand est prévu le lever du soleil mercredi ?,V kolik dnes ráno vychází slunce?,,weather__checkSunrise
kada šiandien ims ryto šviesa?,Wann wird die Sonne heute aufgehen?,À quelle heure se lève le soleil mercredi ?,Kdy začíná dnes ráno východ slunce?,,weather__checkSunrise
kada šiandien bus matomas saulėtekis?,Zu welcher Zeit ist der Sonnenaufgang für heute geplant?,Quelle est l'heure du lever du soleil mercredi ?,V kolik hodinách se objeví slunce dnes ráno?,,weather__checkSunrise
kada šiandien vyks rytas su saule?,Wann beginnt der Tag mit Sonnenaufgang heute?,À partir de quelle heure le soleil se lève-t-il mercredi ?,Kolik hodin máme na dnešní ranní východ slunce?,,weather__checkSunrise
kokiu laiku šiandien bus saulėtekis?,Um wie viel Uhr ist der heutige Sonnenaufgang?,Quand aura lieu le lever du soleil mercredi ?,V kolik hodinách bude slunce svítit dnes ráno?,,weather__checkSunrise
kada šiandien ims ryto šviesa?,Wann ist heute die Morgendämmerung?,À quelle heure peut-on observer le lever du soleil mercredi ?,Kdy začne nový sluneční den dnes ráno?,,weather__checkSunrise
kada šiandien vyks saulės kilimas?,Zu welcher Stunde geht heute die Sonne auf?,Quand se lève le soleil mercredi habituellement ?,V kolik hodinách můžeme očekávat východ slunce?,,weather__checkSunrise
kada šiandien bus saulės atsikėlimas?,Wann kann man heute den Sonnenaufgang sehen?,À quel moment de la journée le soleil se lève-t-il mercredi ?,Kolik hodin je čas na sluneční východ dnes ráno?,,weather__checkSunrise
kada šiandien ims diena su saulėtekiais?,Um wie viel Uhr wird der heutige Sonnenaufgang sein?,Quelle heure est prévue pour le lever du soleil mercredi ?,V kolik hodinách začíná sluneční den?,,weather__checkSunrise
kada šiandien prasidės diena su saulės šviesa?,Wann geht heute früh die Sonne auf?,À quelle heure le soleil apparaîtra-t-il mercredi ?,Kdy se dnes ráno rozsvítí slunce?,,weather__checkSunrise
kada vakare vyks saulėlydis?,Um welche Uhrzeit ist der Sonnenuntergang?,Quand aura lieu le coucher du soleil demain ?,Kdy západ slunce?,,weather__checkSunset
kada šiandien nusileis saulė?,Wann geht die Sonne heute unter?,À quelle heure se couche le soleil demain ?,V kolik hodinách slunce zapadá?,,weather__checkSunset
kada bus saulėlydis?,Zu welcher Zeit ist der Sonnenuntergang geplant?,Quelle est l'heure du coucher du soleil demain ?,Kdy bude dnes večer západ slunce?,,weather__checkSunset
kada šiandien ims sutemėjimas?,Wann endet der Tag mit dem Sonnenuntergang?,À partir de quelle heure le soleil se couche-t-il demain ?,Kolik hodin máme na západ slunce dnes?,,weather__checkSunset
kokiu laiku šiandien bus saulėlydis?,Um wie viel Uhr ist der Sonnenuntergang?,Quand est prévu le coucher du soleil demain ?,V kolik hodinách slunce skončí svítit dnes večer?,,weather__checkSunset
kada šiandien bus saulės nusileidimas?,Wann ist die Abenddämmerung?,À quelle heure peut-on observer le coucher du soleil demain ?,Kdy se bude dnes večer odehrávat západ slunce?,,weather__checkSunset
kada vakare ims diena su saulėlydžiu?,Zu welcher Stunde geht die Sonne unter?,Quand se couche le soleil demain habituellement ?,V kolik hodinách můžeme očekávat západ slunce?,,weather__checkSunset
kada šiandien nusileis diena su saule?,Wann kann man den Sonnenuntergang sehen?,À quel moment de la journée le soleil se couche-t-il demain ?,Kdy bude slunce mizet za obzorem dnes?,,weather__checkSunset
kada bus matomas saulėlydis šiandien?,Um wie viel Uhr wird der Sonnenuntergang sein?,Quelle heure est prévue pour le coucher du soleil demain ?,V kolik hodinách začíná sluneční západ dnes?,,weather__checkSunset
kada šiandien ims vakaro šviesa?,Wann geht heute die Sonne unter?,À quelle heure le soleil disparaîtra-t-il demain ?,Kdy dnes večer slunce zapadne?,,weather__checkSunset
kiek šiandien trunka saulėlydį?,Um welche Uhrzeit ist der Sonnenuntergang heute?,Quand est prévu le coucher du soleil ?,V kolik zítra zapadne slunce v Tokiu?,,weather__checkSunset
kiek šiandien ilgai vyks saulėlydis?,Wann geht heute die Sonne unter?,À quelle heure se couche le soleil ?,Kolik hodin bude zítra večer slunce vycházet v Tokiu?,,weather__checkSunset
kiek valandų šiandien vyks saulėlydis?,Zu welcher Zeit ist der Sonnenuntergang geplant?,Quelle est l'heure du coucher du soleil ?,V kolik hodinách se bude odehrávat západ slunce zítra v Tokiu?,,weather__checkSunset
kiek laiko šiandien trunka saulėlydį?,Wann endet der Tag mit dem Sonnenuntergang?,À partir de quelle heure le soleil se couche-t-il ?,Kdy bude zítra večer v Tokiu západ slunce?,,weather__checkSunset
kiek šiandien saulė nusileis?,Um wie viel Uhr ist der Sonnenuntergang?,Quand aura lieu le coucher du soleil ?,Kolik hodin máme na západ slunce zítra v Tokiu?,,weather__checkSunset
kiek šiandien vyks saulės nusileidimas?,Wann ist die Abenddämmerung?,À quelle heure peut-on observer le coucher du soleil ?,V kolik hodinách slunce dnes večer skončí v Tokiu?,,weather__checkSunset
kiek truks saulėlydis šiandien?,Zu welcher Stunde geht die Sonne unter?,Quand se couche le soleil habituellement ?,Kdy se bude v Tokiu zítra večer skrývat slunce?,,weather__checkSunset
kiek valandų šiandien matysime saulės nusileidimą?,Wann kann man den Sonnenuntergang sehen?,À quel moment de la journée le soleil se couche-t-il ?,V kolik hodinách můžeme očekávat západ slunce v Tokiu zítra?,,weather__checkSunset
kiek šiandien saulė ims leistis?,Um wie viel Uhr wird der Sonnenuntergang sein?,Quelle heure est prévue pour le coucher du soleil ?,Kdy bude slunce mizet za obzorem zítra večer v Tokiu?,,weather__checkSunset
kiek šiandien bus matomas saulės nusileidimas?,Wann geht heute die Sonne unter?,À quelle heure le soleil disparaîtra-t-il ?,V kolik hodinách začíná sluneční západ v Tokiu zítra?,,weather__checkSunset
kiek šiandien ilgai leidžiasi saulė?,Um welche Uhrzeit ist der Sonnenuntergang?,À quelle heure se couche le soleil ?,V kolik dnes zapadá západ slunce?,,weather__checkSunset
kiek valandų šiandien leidžiasi saulė?,Wann geht heute die Sonne unter?,Quand est prévu le coucher du soleil ?,Kolik hodin je dnes západ slunce?,,weather__checkSunset
kiek laiko šiandien trunka saulės nusileidimas?,Zu welcher Zeit ist der Sonnenuntergang geplant?,Quelle est l'heure du coucher du soleil ?,V kolik hodinách dnes zapadne slunce?,,weather__checkSunset
kiek šiandien vyks saulės leidimasis?,Wann endet der Tag mit dem Sonnenuntergang?,À partir de quelle heure le soleil se couche-t-il ?,Kdy bude dnes večer západ slunce?,,weather__checkSunset
kiek truks saulės leidimasis šiandien?,Um wie viel Uhr ist der Sonnenuntergang?,Quand aura lieu le coucher du soleil ?,V kolik hodinách se bude odehrávat západ slunce dnes?,,weather__checkSunset
kiek šiandien ilgai matysime saulės nusileidimą?,Wann ist die Abenddämmerung?,À quelle heure peut-on observer le coucher du soleil ?,Kdy bude slunce mizet za obzorem dnes?,,weather__checkSunset
kiek valandų šiandien ims leistis saulė?,Zu welcher Stunde geht die Sonne unter?,Quand se couche le soleil habituellement ?,V kolik hodinách můžeme očekávat západ slunce?,,weather__checkSunset
kiek šiandien trunka saulės nusileidimas?,Wann kann man den Sonnenuntergang sehen?,À quel moment de la journée le soleil se couche-t-il ?,Kolik hodin máme na západ slunce dnes?,,weather__checkSunset
kiek šiandien leis saulė?,Um wie viel Uhr wird der Sonnenuntergang sein?,Quelle heure est prévue pour le coucher du soleil ?,V kolik hodinách začíná sluneční západ dnes?,,weather__checkSunset
kiek šiandien vyks saulės nusileidimas?,Wann geht heute die Sonne unter?,À quelle heure le soleil disparaîtra-t-il ?,Kdy se bude dnes večer skrývat slunce?,,weather__checkSunset
kada šiandien vyks saulės nusileidimas?,Wann ist heute der Sonnenuntergang?,Quand aura lieu le coucher du soleil vendredi ?,Kolik je dnes večer západ slunce?,,weather__checkSunset
kada nusileidžia saulė šiandien?,Zu welcher Zeit geht heute die Sonne unter?,À quelle heure se couche le soleil vendredi ?,V kolik hodinách dnes začíná západ slunce?,,weather__checkSunset
kada šiandien ims saulės leidimasis?,Wann endet der Tag heute mit dem Sonnenuntergang?,Quelle est l'heure du coucher du soleil vendredi ?,Kdy máme dnes večer očekávat západ slunce?,,weather__checkSunset
kada šiandien matysime saulės nusileidimą?,Um welche Uhrzeit ist heute der Sonnenuntergang?,À partir de quelle heure le soleil se couche-t-il vendredi ?,V kolik hodinách slunce dnes večer skončí?,,weather__checkSunset
kada vyks saulės nusileidimas šiandien?,Wann wird die Sonne heute Abend untergehen?,Quand est prévu le coucher du soleil vendredi ?,Kolik hodin máme na dnešní západ slunce večer?,,weather__checkSunset
kokiu laiku šiandien nusileidžia saulė?,Zu welcher Stunde geht heute die Sonne unter?,À quelle heure peut-on observer le coucher du soleil vendredi ?,V kolik hodinách začíná sluneční západ dnes?,,weather__checkSunset
kada šiandien ims sutemėjimas?,Wann kann man heute den Sonnenuntergang sehen?,Quand se couche le soleil vendredi habituellement ?,Kdy dnes večer slunce zapadne?,,weather__checkSunset
kada bus matomas saulės nusileidimas?,Um wie viel Uhr wird heute die Sonne untergehen?,À quel moment de la journée le soleil se couche-t-il vendredi ?,V kolik hodinách se odehraje západ slunce dnes?,,weather__checkSunset
kada vyks saulės leidimasis šiandien?,Wann geht heute Abend die Sonne unter?,Quelle heure est prévue pour le coucher du soleil vendredi ?,Kdy slunce dnes večer zapadá?,,weather__checkSunset
kada šiandien ims vakaro šviesa?,Zu welcher Zeit wird heute die Sonne untergehen?,À quelle heure le soleil disparaîtra-t-il vendredi ?,V kolik hodinách se dnes skryje slunce za obzor?,,weather__checkSunset
kada žiemą vyksta saulės leidimasis?,Um welche Uhrzeit geht die Sonne unter?,Quand se couchera le soleil ce soir ?,Kdy slunce zapadne v Delaware?,,weather__checkSunset
kada žiemą saulė ims leistis?,Wann endet der Tag mit dem Sonnenuntergang?,À quelle heure est prévu le coucher du soleil ce soir ?,V kolik hodinách dnes večer začne západ slunce v Delaware?,,weather__checkSunset
kada žiemos metu nusileidžia saulė?,Zu welcher Zeit geht heute die Sonne unter?,Quelle est l'heure du coucher du soleil ce soir ?,Kdy máme očekávat sluneční západ v Delaware?,,weather__checkSunset
kada žiemą vyks saulės nusileidimas?,Wann wird die Sonne heute Abend untergehen?,À partir de quelle heure le soleil se couche-t-il ce soir ?,V kolik hodinách slunce dnes večer skončí v Delaware?,,weather__checkSunset
kada žiemos metu saulė ims leistis?,Zu welcher Stunde geht die Sonne unter?,Quand aura lieu le coucher du soleil ce soir ?,Kolik hodin máme na dnešní západ slunce v Delaware?,,weather__checkSunset
kada žiemą nusileidžia saulė?,Wann kann man den Sonnenuntergang sehen?,À quelle heure peut-on observer le coucher du soleil ce soir ?,V kolik hodinách začíná sluneční západ v Delaware?,,weather__checkSunset
kokiu laiku žiemos metu saulė leidžiasi?,Um wie viel Uhr wird die Sonne untergehen?,Quand se couche le soleil ce soir habituellement ?,Kdy slunce dnes večer zapadne v Delaware?,,weather__checkSunset
kada žiemą vyks saulės nusileidimas?,Wann geht heute Abend die Sonne unter?,À quel moment de la journée le soleil se couche-t-il ce soir ?,V kolik hodinách se odehraje západ slunce v Delaware?,,weather__checkSunset
kada šią žiemą ims vakaro šviesa?,Zu welcher Zeit wird die Sonne untergehen?,Quelle heure est prévue pour le coucher du soleil ce soir ?,Kdy slunce dnes večer skryje za obzor v Delaware?,,weather__checkSunset
kada žiemą saulė ims nusileisti?,Wann ist der Sonnenuntergang?,À quelle heure le soleil disparaîtra-t-il ce soir ?,V kolik hodinách se dnes v Delaware skryje slunce?,,weather__checkSunset
